[
  {
    "id": 1,
    "title": "Clean Code",
    "author": "Robert C. Martin",
    "price": 799,
    "publicationDate": "2008-08-01",
    "description": "Even bad code can function. But if code isn't clean, it can bring a development organization to its knees.",
    "imageUrl": "assets/covers/clean-code.jpg"
  },
  {
    "id": 2,
    "title": "You Don't Know JS Yet",
    "author": "Kyle Simpson",
    "price": 499,
    "publicationDate": "2020-01-28",
    "description": "A deep-dive into the core mechanisms of the JavaScript language.",
    "imageUrl": "assets/covers/ydkjs.jpg"
  }
]
