{
  "hash": "7afe4074",
  "configHash": "7722f472",
  "lockfileHash": "ab9d9227",
  "browserHash": "8b63def1",
  "optimized": {
    "@angular/common": {
      "src": "../../../../../../node_modules/@angular/common/fesm2022/common.mjs",
      "file": "@angular_common.js",
      "fileHash": "87d1e8d7",
      "needsInterop": false
    },
    "@angular/common/http": {
      "src": "../../../../../../node_modules/@angular/common/fesm2022/http.mjs",
      "file": "@angular_common_http.js",
      "fileHash": "c60e0927",
      "needsInterop": false
    },
    "@angular/core": {
      "src": "../../../../../../node_modules/@angular/core/fesm2022/core.mjs",
      "file": "@angular_core.js",
      "fileHash": "dcfba582",
      "needsInterop": false
    },
    "@angular/platform-browser": {
      "src": "../../../../../../node_modules/@angular/platform-browser/fesm2022/platform-browser.mjs",
      "file": "@angular_platform-browser.js",
      "fileHash": "27b9ba9a",
      "needsInterop": false
    },
    "@angular/router": {
      "src": "../../../../../../node_modules/@angular/router/fesm2022/router.mjs",
      "file": "@angular_router.js",
      "fileHash": "be3ebd22",
      "needsInterop": false
    },
    "rxjs": {
      "src": "../../../../../../node_modules/rxjs/dist/esm5/index.js",
      "file": "rxjs.js",
      "fileHash": "8ccdebc4",
      "needsInterop": false
    }
  },
  "chunks": {
    "chunk-D6TB5TUJ": {
      "file": "chunk-D6TB5TUJ.js"
    },
    "chunk-CG2HPPIH": {
      "file": "chunk-CG2HPPIH.js"
    },
    "chunk-FJ2LSRVL": {
      "file": "chunk-FJ2LSRVL.js"
    },
    "chunk-3B7WPXDT": {
      "file": "chunk-3B7WPXDT.js"
    },
    "chunk-MTES5EJZ": {
      "file": "chunk-MTES5EJZ.js"
    },
    "chunk-S35MAB2V": {
      "file": "chunk-S35MAB2V.js"
    }
  }
}