{
  "hash": "6088b0c1",
  "configHash": "7fdf6471",
  "lockfileHash": "71b982e4",
  "browserHash": "282e1b00",
  "optimized": {
    "@angular/common": {
      "src": "../../../../../../node_modules/@angular/common/fesm2022/common.mjs",
      "file": "@angular_common.js",
      "fileHash": "1d17d2e7",
      "needsInterop": false
    },
    "@angular/core": {
      "src": "../../../../../../node_modules/@angular/core/fesm2022/core.mjs",
      "file": "@angular_core.js",
      "fileHash": "5b07bc1a",
      "needsInterop": false
    },
    "@angular/platform-browser": {
      "src": "../../../../../../node_modules/@angular/platform-browser/fesm2022/platform-browser.mjs",
      "file": "@angular_platform-browser.js",
      "fileHash": "1cc031f1",
      "needsInterop": false
    },
    "@angular/router": {
      "src": "../../../../../../node_modules/@angular/router/fesm2022/router.mjs",
      "file": "@angular_router.js",
      "fileHash": "3679f8af",
      "needsInterop": false
    }
  },
  "chunks": {
    "chunk-ABOI3472": {
      "file": "chunk-ABOI3472.js"
    },
    "chunk-6K52RQ7A": {
      "file": "chunk-6K52RQ7A.js"
    },
    "chunk-QE7GUPV5": {
      "file": "chunk-QE7GUPV5.js"
    }
  }
}