{
  "hash": "1ed3d5dd",
  "configHash": "4d56c29a",
  "lockfileHash": "69e30493",
  "browserHash": "9606bd59",
  "optimized": {
    "@angular/common": {
      "src": "../../../../../../node_modules/@angular/common/fesm2022/common.mjs",
      "file": "@angular_common.js",
      "fileHash": "27a68391",
      "needsInterop": false
    },
    "@angular/core": {
      "src": "../../../../../../node_modules/@angular/core/fesm2022/core.mjs",
      "file": "@angular_core.js",
      "fileHash": "af4f321c",
      "needsInterop": false
    },
    "@angular/platform-browser": {
      "src": "../../../../../../node_modules/@angular/platform-browser/fesm2022/platform-browser.mjs",
      "file": "@angular_platform-browser.js",
      "fileHash": "74f4cfd1",
      "needsInterop": false
    },
    "@angular/platform-browser/animations": {
      "src": "../../../../../../node_modules/@angular/platform-browser/fesm2022/animations.mjs",
      "file": "@angular_platform-browser_animations.js",
      "fileHash": "723cfd91",
      "needsInterop": false
    },
    "zone.js": {
      "src": "../../../../../../node_modules/zone.js/fesm2015/zone.js",
      "file": "zone__js.js",
      "fileHash": "6e09bab7",
      "needsInterop": true
    }
  },
  "chunks": {
    "chunk-PHW2CUP3": {
      "file": "chunk-PHW2CUP3.js"
    },
    "chunk-IS7XWI7L": {
      "file": "chunk-IS7XWI7L.js"
    },
    "chunk-NETX4JH2": {
      "file": "chunk-NETX4JH2.js"
    },
    "chunk-GOMI4DH3": {
      "file": "chunk-GOMI4DH3.js"
    }
  }
}