{
  "hash": "7261421b",
  "configHash": "0ee5393c",
  "lockfileHash": "13016aa0",
  "browserHash": "783cce85",
  "optimized": {
    "@angular/common": {
      "src": "../../../../../../node_modules/@angular/common/fesm2022/common.mjs",
      "file": "@angular_common.js",
      "fileHash": "76fef750",
      "needsInterop": false
    },
    "@angular/core": {
      "src": "../../../../../../node_modules/@angular/core/fesm2022/core.mjs",
      "file": "@angular_core.js",
      "fileHash": "5e4fa05f",
      "needsInterop": false
    },
    "@angular/forms": {
      "src": "../../../../../../node_modules/@angular/forms/fesm2022/forms.mjs",
      "file": "@angular_forms.js",
      "fileHash": "ccb9d140",
      "needsInterop": false
    },
    "@angular/platform-browser": {
      "src": "../../../../../../node_modules/@angular/platform-browser/fesm2022/platform-browser.mjs",
      "file": "@angular_platform-browser.js",
      "fileHash": "af6ff60a",
      "needsInterop": false
    },
    "@angular/router": {
      "src": "../../../../../../node_modules/@angular/router/fesm2022/router.mjs",
      "file": "@angular_router.js",
      "fileHash": "6e863cd4",
      "needsInterop": false
    }
  },
  "chunks": {
    "chunk-XBUUMZJV": {
      "file": "chunk-XBUUMZJV.js"
    },
    "chunk-XWHXAXJE": {
      "file": "chunk-XWHXAXJE.js"
    },
    "chunk-GIKWJLYW": {
      "file": "chunk-GIKWJLYW.js"
    }
  }
}